Name,Revision_nb,Last_updated_date
Rinvoq,25,15-05-2025
Inomax,25,15-05-2025
Enspryng,5,15-05-2025
Lorviqua,15,15-05-2025
Osenvelt,2,15-05-2025
Filsuvez,6,15-05-2025
Pyzchiva,7,15-05-2025
Riluzole-zentiva,14,15-05-2025
Sprycel,44,15-05-2025
Opuviz,1,15-05-2025
Rytelo,1,15-05-2025
Eltrombopag-accord,1,15-05-2025
Dimethyl-fumarate-mylan,2,15-05-2025
Sondelbay,2,15-05-2025
Faslodex,26,15-05-2025
Tevimbra,9,15-05-2025
Uplizna,7,15-05-2025
Kymriah,21,15-05-2025
Spikevax,55,14-05-2025
Isentress,44,14-05-2025
Lyfnua,1,14-05-2025
Paxlovid,26,14-05-2025
Zabdeno,9,14-05-2025
Mvabea,6,14-05-2025
Clopidogrel-krka,20,14-05-2025
Entresto,24,14-05-2025
Neparvis,24,14-05-2025
Atazanavir-viatris,19,14-05-2025
Zyllt,18,14-05-2025
Tobi-podhaler,23,14-05-2025
Clopidogrel-krka-dd,16,13-05-2025
Clopidogrel-tad,17,13-05-2025
Kanjinti,11,13-05-2025
Blincyto,23,13-05-2025
Actelsar-hct,19,13-05-2025
Enbrel,75,13-05-2025
Dyrupeg,2,13-05-2025
Datroway,0,13-05-2025
Xyrem,37,12-05-2025
Amlodipine-valsartan-mylan,15,12-05-2025
Voriconazole-accord,19,12-05-2025
Olanzapine-teva,32,12-05-2025
Pomalidomide-zentiva,1,12-05-2025
Levetiracetam-hospira,25,12-05-2025
Lucentis,46,12-05-2025
Targretin,24,12-05-2025
Yesafili,4,12-05-2025
Aqumeldi,1,12-05-2025
Omjjara,1,12-05-2025
Rystiggo,6,12-05-2025
Carvykti,10,08-05-2025
Tuzulby,0,08-05-2025
Neupro,36,08-05-2025
Givlaari,7,08-05-2025
Vimpat,55,08-05-2025
Tacforius,10,08-05-2025
Synjardy,30,08-05-2025
Tecentriq,32,08-05-2025
Tremfya,10,08-05-2025
Jentadueto,23,08-05-2025
Kayfanda,2,08-05-2025
Brukinsa,11,08-05-2025
Cibinqo,14,07-05-2025
Firazyr,25,07-05-2025
Finlee,6,07-05-2025
Ongentys,10,07-05-2025
Zepatier,15,07-05-2025
Cabazitaxel-accord,7,07-05-2025
Breyanzi,9,07-05-2025
Evenity,8,07-05-2025
Vectibix,35,07-05-2025
Daurismo,6,07-05-2025
Zejula,26,07-05-2025
Bavencio,21,07-05-2025
Urorec,20,07-05-2025
Herceptin,44,06-05-2025
Vyjuvek,0,06-05-2025
Ocrevus,23,06-05-2025
Lunsumio,6,06-05-2025
Xydalba,19,06-05-2025
Roctavian,6,06-05-2025
Bortezomib-sun,14,06-05-2025
Roactemra,48,06-05-2025
Briumvi,6,06-05-2025
Zolgensma,19,06-05-2025
Mavenclad,12,06-05-2025
Sitagliptin-metformin-hydrochloride-sun,2,06-05-2025
Elebrato-ellipta,13,06-05-2025
Obodence,1,06-05-2025
Sunitinib-accord,3,06-05-2025
Posaconazole-accord,12,06-05-2025
Iqirvo,1,06-05-2025
Imatinib-accord,25,06-05-2025
Abiraterone-accord,4,06-05-2025
Mayzent,17,06-05-2025
Hyqvia,23,05-05-2025
Trelegy-ellipta,12,05-05-2025
Ketoconazole-esteve,12,05-05-2025
Leqembi,0,05-05-2025
Circadin,36,05-05-2025
Kavigale,1,05-05-2025
Hetronifly,2,05-05-2025
Deltyba,27,05-05-2025
Mresvia,4,05-05-2025
Clopidogrel-acetylsalicylic-acid-viatris,9,05-05-2025
Ecansya,16,05-05-2025
Stoboclo,1,05-05-2025
Capecitabine-accord,19,05-05-2025
Neorecormon,35,02-05-2025
Nuvaxovid,18,02-05-2025
Capecitabine-medac,14,02-05-2025
Xeloda,31,02-05-2025
Zoledronic-acid-accord,12,02-05-2025
Eptifibatide-accord,8,02-05-2025
Levetiracetam-sun,21,02-05-2025
Fintepla,12,02-05-2025
Beyfortus,12,02-05-2025
Bekemv,4,02-05-2025
Alprolix,11,02-05-2025
Segluromet,9,02-05-2025
Lyrica,70,02-05-2025
Lynozyfic,0,02-05-2025
Piqray,16,02-05-2025
Deferasirox-mylan,11,02-05-2025
Opdivo,66,02-05-2025
Vyvgart,8,30-04-2025
Levetiracetam-accord,19,30-04-2025
Dupixent,42,30-04-2025
Qtern,14,30-04-2025
Bimervax,9,30-04-2025
Keytruda,64,30-04-2025
Filspari,2,30-04-2025
Retsevmo,16,30-04-2025
Quviviq,10,30-04-2025
Cimzia,38,29-04-2025
Hyrimoz,16,29-04-2025
Hefiya,17,29-04-2025
Zilbrysq,2,29-04-2025
Xenleta,2,29-04-2025
Shingrix,11,28-04-2025
Hympavzi,1,28-04-2025
Spedra,15,28-04-2025
Enhertu,18,28-04-2025
Bimzelx,11,28-04-2025
Zykadia,23,28-04-2025
Eliquis,36,28-04-2025
Lysakare,7,28-04-2025
Twynsta,15,28-04-2025
Enjaymo,6,25-04-2025
Piasky,2,25-04-2025
Alunbrig,10,25-04-2025
Pemetrexed-pfizer,16,25-04-2025
Steqeyma,3,25-04-2025
Azacitidine-mylan,10,25-04-2025
Elocta,15,25-04-2025
Rotateq,38,25-04-2025
Ahzantive,1,25-04-2025
Avastin,65,25-04-2025
Jaypirca,2,25-04-2025
Afqlir,2,25-04-2025
Cancidas,34,24-04-2025
Prevenar-13,49,24-04-2025
Omlyclo,2,24-04-2025
Prevenar-20,11,24-04-2025
Movymia,11,24-04-2025
Kisqali,21,24-04-2025
Wainzua,0,24-04-2025
Brilique,23,24-04-2025
Vevizye,3,24-04-2025
Nilotinib-accord,1,23-04-2025
Kinzalmono,32,23-04-2025
Ngenla,5,23-04-2025
Tysabri,47,23-04-2025
Uzpruvo,6,23-04-2025
Micardis,30,23-04-2025
Pritor,31,23-04-2025
Noxafil,41,23-04-2025
Flixabi,29,23-04-2025
Zinplava,13,23-04-2025
Emend,32,23-04-2025
Temodal,39,22-04-2025
Ivemend,26,22-04-2025
Kuvan,21,22-04-2025
Scemblix,10,22-04-2025
Zegalogue,2,22-04-2025
Kisplyx,26,22-04-2025
Lenvima,26,22-04-2025
Evra,26,22-04-2025
Retacrit,32,22-04-2025
Zerbaxa,16,16-04-2025
Plavix,52,16-04-2025
Pirfenidone-viatris,3,16-04-2025
Epysqli,3,16-04-2025
Iscover,52,16-04-2025
Elaprase,26,16-04-2025
Prevymis,17,16-04-2025
Cometriq,29,16-04-2025
Cabometyx,19,16-04-2025
Zefylti,1,15-04-2025
Tamiflu,43,15-04-2025
Inovelon,25,15-04-2025
Flucelvax,1,15-04-2025
Mounjaro,15,15-04-2025
Valdoxan,27,15-04-2025
Mircera,31,15-04-2025
Abrysvo,9,15-04-2025
Clopidogrel-viatris,28,15-04-2025
Prometax,50,15-04-2025
Capvaxive,0,14-04-2025
Lyvdelzi,2,14-04-2025
Stelara,51,14-04-2025
Rezolsta,18,14-04-2025
Trumenba,19,14-04-2025
Sugammadex-piramal,2,14-04-2025
Vydura,7,14-04-2025
Herzuma,25,11-04-2025
Exelon,49,11-04-2025
Cinqaero,12,11-04-2025
Edurant,22,11-04-2025
Effentora,31,11-04-2025
Fabhalta,4,11-04-2025
Entyvio,28,11-04-2025
Xermelo,16,11-04-2025
Fingolimod-accord,9,11-04-2025
Sialanar,12,11-04-2025
Orphacol,15,11-04-2025
Revestive,26,11-04-2025
Moventig,19,11-04-2025
Akynzeo,19,10-04-2025
Avonex,39,10-04-2025
Trepulmix,7,10-04-2025
Kaftrio,27,10-04-2025
Ebglyss,3,10-04-2025
Darzalex,24,10-04-2025
Supemtek-tetra,8,10-04-2025
Relvar-ellipta,28,10-04-2025
Bylvay,8,10-04-2025
Kaletra,64,10-04-2025
Pavblu,0,10-04-2025
Esbriet,35,09-04-2025
Ronapreve,9,09-04-2025
Hulio,18,09-04-2025
Competact,22,09-04-2025
Vyloy,2,09-04-2025
Besremi,7,09-04-2025
Talmanco,9,09-04-2025
Ixchiq,1,09-04-2025
Quinsair,17,09-04-2025
Rasagiline-ratiopharm,10,09-04-2025
Loqtorzi,1,08-04-2025
Kentera,23,08-04-2025
Azilect,24,08-04-2025
Pregabalin-viatris-pharma,35,08-04-2025
Refixia,7,08-04-2025
Sugammadex-adroiq,4,08-04-2025
Qarziba,17,08-04-2025
Ontozry,10,08-04-2025
Evrenzo,6,08-04-2025
Lysodren,23,08-04-2025
Avtozma,1,07-04-2025
Taltz,18,07-04-2025
Fluenz,4,07-04-2025
Elrexfio,2,07-04-2025
Tivdak,0,07-04-2025
Roclanda,8,04-04-2025
Ajovy,13,04-04-2025
Opsumit,25,04-04-2025
Somakit-toc,21,04-04-2025
Rivastigmine-sandoz,18,04-04-2025
Rivastigmine-hexal,19,04-04-2025
Rivastigmine-1-pharma,19,04-04-2025
Sitagliptin-metformin-hydrochloride-mylan,5,04-04-2025
Rxulti,7,04-04-2025
Reblozyl,9,04-04-2025
Vildagliptin-metformin-hydrochloride-accord,3,04-04-2025
Cejemly,4,03-04-2025
Lutathera,16,03-04-2025
Perjeta,24,03-04-2025
Mabthera,63,03-04-2025
Jinarc,23,03-04-2025
Seffalair-spiromax,2,03-04-2025
Ellaone,35,03-04-2025
Camcevi,5,03-04-2025
Tukysa,9,03-04-2025
Litak,8,03-04-2025
Yondelis,28,03-04-2025
Copiktra,3,03-04-2025
Jardiance,31,02-04-2025
Pelmeg,10,02-04-2025
Bropair-spiromax,2,02-04-2025
Bortezomib-accord,15,01-04-2025
Slenyto,13,01-04-2025
Glyxambi,20,01-04-2025
Zubsolv,13,01-04-2025
Evista,31,01-04-2025
Giotrif,17,31-03-2025
Locametz,7,31-03-2025
Zebinix,32,31-03-2025
Amgevita,14,31-03-2025
Micardisplus,37,31-03-2025
Nplate,29,31-03-2025
Efmody,6,31-03-2025
Heplisav-b,7,31-03-2025
Rukobia,5,31-03-2025
Lydisilka,7,28-03-2025
Kevzara,15,28-03-2025
Ofev,28,28-03-2025
Incruse-ellipta,21,28-03-2025
Nexavar,35,28-03-2025
Winrevair,1,28-03-2025
Rolufta-ellipta,14,28-03-2025
Laventair-ellipta,20,27-03-2025
Anoro-ellipta,21,27-03-2025
Respreeza,15,27-03-2025
Zeposia,9,27-03-2025
Veraseal,10,27-03-2025
Yuflyma,18,27-03-2025
Febuxostat-krka,7,27-03-2025
Cresemba,20,27-03-2025
Reagila,10,27-03-2025
Pluvicto,10,27-03-2025
Vafseo,4,27-03-2025
Eydenzelt,0,
Strimvelis,11,27-03-2025
Eurneffy,4,27-03-2025
Rozlytrek,10,27-03-2025
Korjuny,1,26-03-2025
Vegzelma,10,26-03-2025
Cosentyx,40,26-03-2025
Columvi,4,26-03-2025
Kadcyla,16,26-03-2025
Lopinavir-ritonavir-viatris,21,26-03-2025
Nimvastid,12,26-03-2025
Samsca,16,26-03-2025
Xenpozyme,6,26-03-2025
Nyxoid,9,26-03-2025
Cyramza,20,26-03-2025
Takhzyro,20,26-03-2025
Emadine,28,25-03-2025
Comirnaty,53,25-03-2025
Amvuttra,4,25-03-2025
Endolucinbeta,10,25-03-2025
Sugammadex-fresenius-kabi,1,25-03-2025
Prasugrel-viatris,11,25-03-2025
Agamree,4,25-03-2025
Sugammadex-amomed,3,25-03-2025
Onpattro,14,25-03-2025
Xeljanz,34,24-03-2025
Siiltibcy,1,24-03-2025
Vimkunya,0,
Buvidal,10,21-03-2025
Veoza,4,21-03-2025
Polivy,6,21-03-2025
Drovelis,8,21-03-2025
Humira,93,20-03-2025
Constella,29,20-03-2025
Sivextro,25,20-03-2025
Scintimun,8,20-03-2025
Idefirix,7,20-03-2025
Voxzogo,5,20-03-2025
Namuscla,6,19-03-2025
Pomalidomide-krka,1,19-03-2025
Tenofovir-disoproxil-zentiva,15,19-03-2025
Leflunomide-ratiopharm,19,19-03-2025
Jayempi,7,19-03-2025
Pandemic-influenza-vaccine-h5n1-astrazeneca,11,19-03-2025
Tolura,13,19-03-2025
Rivastigmine-actavis,20,19-03-2025
Emtricitabine-tenofovir-disoproxil-zentiva,10,19-03-2025
Fymskina,2,19-03-2025
Efavirenz-emtricitabine-tenofovir-disoproxil-zentiva,12,18-03-2025
Steglatro,9,17-03-2025
Skilarence,13,17-03-2025
Lazcluze,0,17-03-2025
Yervoy,58,17-03-2025
Uptravi,17,17-03-2025
Revinty-ellipta,25,14-03-2025
Koselugo,6,14-03-2025
Dimethyl-fumarate-accord,2,14-03-2025
Gardasil-9,25,14-03-2025
Silodyx,17,14-03-2025
Zolsketil-pegylated-liposomal,4,13-03-2025
Imraldi,24,13-03-2025
Naveruclif,1,13-03-2025
Imcivree,11,13-03-2025
Xgeva,26,13-03-2025
Evusheld,9,12-03-2025
Sugammadex-mylan,6,12-03-2025
Yselty,5,12-03-2025
Rekambys,11,12-03-2025
Gencebok,8,12-03-2025
Sarclisa,12,12-03-2025
Vocabria,14,12-03-2025
Paxneury,0,11-03-2025
Andembry,0,11-03-2025
Rybrevant,6,11-03-2025
Emcitate,0,11-03-2025
Inaqovi,3,10-03-2025
Sutent,41,10-03-2025
Silodosin-recordati,3,10-03-2025
Entecavir-viatris,9,10-03-2025
Pedea,17,07-03-2025
Holoclar,12,07-03-2025
Bridion,24,07-03-2025
Ibrance,23,07-03-2025
Verzenios,14,07-03-2025
Benefix,43,07-03-2025
Kimmtrak,4,07-03-2025
Brinavess,18,07-03-2025
Truqap,1,07-03-2025
Recarbrio,7,07-03-2025
Hexyon,33,06-03-2025
Rybelsus,13,06-03-2025
Eltrombopag-viatris,0,06-03-2025
Ulunar-breezhaler,15,06-03-2025
Tygacil,35,06-03-2025
Pregabalin-viatris,22,06-03-2025
Yorvipath,4,06-03-2025
Bemrist-breezhaler,8,06-03-2025
Atectura-breezhaler,12,06-03-2025
Hexacima,32,05-03-2025
Dynastat,39,05-03-2025
Zimbus-breezhaler,7,05-03-2025
Quofenix,9,05-03-2025
Enerzair-breezhaler,9,05-03-2025
Benepali,26,05-03-2025
Neoclarityn,48,05-03-2025
Azomyr,54,05-03-2025
Aerius,52,05-03-2025
Skyrizi,26,05-03-2025
Lenalidomide-mylan,10,05-03-2025
Remsima,43,05-03-2025
Eylea,36,05-03-2025
Tarceva,34,05-03-2025
Awiqli,1,05-03-2025
Alimta,28,05-03-2025
Inrebic,7,05-03-2025
Refacto-af,41,05-03-2025
Viagra,50,04-03-2025
Ibandronic-acid-accord,15,04-03-2025
Coagadex,10,04-03-2025
Toviaz,30,04-03-2025
Ryzodeg,15,04-03-2025
Viramune,45,04-03-2025
Skyclarys,6,04-03-2025
Baiama,0,04-03-2025
Mirvaso,14,04-03-2025
Xoterna-breezhaler,17,03-03-2025
Tecartus,10,03-03-2025
Anagrelide-viatris,11,03-03-2025
Ultibro-breezhaler,15,03-03-2025
Orserdu,3,03-03-2025
Nepexto,15,03-03-2025
Beyonttra,0,03-03-2025
Spherox,9,03-03-2025
Efient,27,03-03-2025
Litfulo,5,03-03-2025
Menquadfi,20,03-03-2025
Ruconest,14,03-03-2025
Modigraf,21,03-03-2025
Torisel,35,03-03-2025
Envarsus,13,28-02-2025
Advagraf,29,27-02-2025
Remicade,67,27-02-2025
Welireg,0,27-02-2025
Zavicefta,18,27-02-2025
Soliris,38,27-02-2025
Xalkori,37,27-02-2025
Spinraza,18,27-02-2025
Voydeya,1,27-02-2025
Evkeeza,9,27-02-2025
Biktarvy,18,27-02-2025
Fasenra,16,27-02-2025
Somavert,29,27-02-2025
Wezenla,3,26-02-2025
Kostaive,0,
Fampridine-accord,4,26-02-2025
Proquad,33,26-02-2025
Sunlenca,5,26-02-2025
Sitagliptin-sun,2,26-02-2025
Aripiprazole-accord,16,26-02-2025
Eklira-genuair,21,26-02-2025
Duaklir-genuair,16,26-02-2025
Xtandi,26,25-02-2025
Brimica-genuair,16,25-02-2025
Bretaris-genuair,20,25-02-2025
Omvoh,5,21-02-2025
Victoza,25,20-02-2025
Imfinzi,24,20-02-2025
Tuznue,1,20-02-2025
Saxenda,17,20-02-2025
Sapropterin-dipharma,5,20-02-2025
Yesintek,0,20-02-2025
Qaialdo,1,20-02-2025
Memantine-mylan,13,20-02-2025
Jakavi,34,20-02-2025
Obgemsa,1,19-02-2025
Zoely,25,19-02-2025
Balversa,2,19-02-2025
Apretude,1,19-02-2025
Thyrogen,32,19-02-2025
Pregabalin-sandoz,21,19-02-2025
Nemluvio,0,19-02-2025
Galvus,25,19-02-2025
Erbitux,33,19-02-2025
Ravicti,18,18-02-2025
Avamys,24,18-02-2025
Ebvallo,6,18-02-2025
Iclusig,26,18-02-2025
Flucelvax-tetra,17,18-02-2025
Imjudo,8,18-02-2025
Spexotras,5,18-02-2025
Vyndaqel,30,18-02-2025
Goresp-digihaler,6,18-02-2025
Onureg,2,18-02-2025
Azacitidine-accord,9,18-02-2025
Daptomycin-hospira,14,17-02-2025
Mekinist,36,17-02-2025
Cellcept,40,17-02-2025
Trydonis,8,17-02-2025
Trimbow,9,17-02-2025
Zinforo,28,14-02-2025
Karvea,48,14-02-2025
Lyumjev,7,14-02-2025
Opfolda,3,14-02-2025
Ambrisentan-viatris,7,14-02-2025
Bortezomib-fresenius-kabi,7,13-02-2025
Docetaxel-accord,19,13-02-2025
Dimethyl-fumarate-neuraxpharm,1,13-02-2025
Tabrecta,2,13-02-2025
Nimenrix,41,13-02-2025
Ruxience,12,13-02-2025
Ozempic,15,13-02-2025
Xaluprine,17,13-02-2025
Wyost,2,12-02-2025
Dafiro-hct,29,12-02-2025
Copalia-hct,27,12-02-2025
Exforge-hct,27,12-02-2025
Dafiro,33,12-02-2025
Copalia,32,12-02-2025
Exforge,34,12-02-2025
Skytrofa,5,12-02-2025
Duloxetine-viatris,21,12-02-2025
Pemetrexed-fresenius-kabi,15,12-02-2025
Emblaveo,1,12-02-2025
Pemetrexed-accord,13,12-02-2025
Myalepta,12,12-02-2025
Coaprovel,52,11-02-2025
Karvezide,50,11-02-2025
Repaglinide-teva,10,11-02-2025
Aprovel,50,11-02-2025
Armisarte,15,11-02-2025
Kinpeygo,11,11-02-2025
Ituxredi,0,10-02-2025
Kesimpta,12,07-02-2025
Stivarga,22,07-02-2025
Epruvy,1,06-02-2025
Icandra,27,06-02-2025
Lantus,42,05-02-2025
Apidra,34,05-02-2025
Vumerity,8,05-02-2025
Zomarist,25,05-02-2025
Xiliarx,24,05-02-2025
Emtricitabine-tenofovir-disoproxil-krka-dd,13,05-02-2025
Enyglid,10,05-02-2025
Ponvory,8,05-02-2025
Ilaris,33,05-02-2025
Nivestim,31,05-02-2025
Hukyndra,9,05-02-2025
Jalra,25,05-02-2025
Vabysmo,5,05-02-2025
Alkindi,10,04-02-2025
Rapamune,48,04-02-2025
Repaglinide-krka,9,04-02-2025
Vueway,2,04-02-2025
Elucirem,2,04-02-2025
Truxima,23,04-02-2025
Blitzima,22,04-02-2025
Hepcludex,14,04-02-2025
Obizur,12,03-02-2025
Trazimera,13,03-02-2025
Fortacin,13,03-02-2025
Gohibic,0,03-02-2025
Eucreas,25,03-02-2025
Vaxchora,9,31-01-2025
Gardasil,51,31-01-2025
Emtricitabine-tenofovir-disoproxil-krka,15,31-01-2025
Tavneos,8,31-01-2025
Abiraterone-krka,3,31-01-2025
Abraxane,31,30-01-2025
Nexium-control,20,30-01-2025
Irbesartan-zentiva,31,29-01-2025
Celldemic,1,29-01-2025
Irbesartan-hydrochlorothiazide-zentiva,35,29-01-2025
Edarbi,12,29-01-2025
Irbesartan-teva,17,29-01-2025
Cetrotide,29,29-01-2025
Palforzia,9,29-01-2025
Irbesartan-hydrochlorothiazide-teva,24,29-01-2025
Augtyro,0,28-01-2025
Telmisartan-actavis,15,28-01-2025
Darunavir-krka,11,28-01-2025
Teriflunomide-viatris,5,28-01-2025
Trajenta,22,28-01-2025
Cinacalcet-viatris,17,27-01-2025
Olanzapine-viatris,22,27-01-2025
Zonisamide-viatris,11,27-01-2025
Pregabalin-accord,19,27-01-2025
Sitagliptin-accord,1,27-01-2025
Lojuxta,20,27-01-2025
Apixaban-accord,4,27-01-2025
Izba,8,27-01-2025
Tadalafil-mylan,17,24-01-2025
Imvanex,29,24-01-2025
Ervebo,10,24-01-2025
Opatanol,25,23-01-2025
Spravato,15,23-01-2025
Kigabeq,7,23-01-2025
Renagel,38,22-01-2025
Sunosi,9,22-01-2025
Tyruko,1,22-01-2025
Lytenava,2,22-01-2025
Levodopa-carbidopa-entacapone-orion,15,22-01-2025
Fetcroja,10,22-01-2025
Inlyta,17,22-01-2025
Thalidomide-bms,33,22-01-2025
Efavirenz-emtricitabine-tenofovir-disoproxil-krka,13,22-01-2025
Yellox,12,21-01-2025
M-m-rvaxpro,34,21-01-2025
Dabigatran-etexilate-teva,5,21-01-2025
Jemperli,10,21-01-2025
Posaconazole-ahcl,10,21-01-2025
Voriconazole-hikma,15,20-01-2025
Potactasol,12,20-01-2025
Levitra,34,20-01-2025
Benlysta,36,20-01-2025
Alhemo,0,17-01-2025
Padcev,5,17-01-2025
Kinzalkomb,41,17-01-2025
Pritorplus,39,17-01-2025
Pravafenix,11,17-01-2025
Vaxneuvance,7,16-01-2025
Nyvepria,7,16-01-2025
Bosulif,26,16-01-2025
Cubicin,39,16-01-2025
Mysimba,28,16-01-2025
Olumiant,22,16-01-2025
Dengvaxia,7,15-01-2025
Mysildecard,9,15-01-2025
Hemgenix,6,15-01-2025
Adynovi,14,15-01-2025
Kineret,36,15-01-2025
Prolia,32,15-01-2025
Miglustat-genorph,11,14-01-2025
Camzyos,4,14-01-2025
Venclyxto,20,14-01-2025
Pheburane,13,14-01-2025
Cerdelga,19,14-01-2025
Plegridy,25,14-01-2025
Fampyra,18,14-01-2025
Pepaxti,5,13-01-2025
Selincro,14,13-01-2025
Eksunbi,1,10-01-2025
Leflunomide-zentiva,22,09-01-2025
Tagrisso,22,09-01-2025
Fluad-tetra,10,09-01-2025
Buprenorphine-neuraxpharm,0,09-01-2025
Gonal-f,27,09-01-2025
Scenesse,10,09-01-2025
Erleada,16,09-01-2025
Amsparity,7,08-01-2025
Darunavir-viatris,15,08-01-2025
Wegovy,11,08-01-2025
Renvela,29,08-01-2025
Gilenya,38,08-01-2025
Xevudy,21,08-01-2025
Rasagiline-viatris,10,08-01-2025
Jubbonti,1,08-01-2025
Simbrinza,11,07-01-2025
Emselex,27,07-01-2025
Duotrav,19,07-01-2025
Rimmyrah,2,07-01-2025
Aimovig,12,07-01-2025
Ontruzant,15,06-01-2025
Abiraterone-mylan,6,06-01-2025
Imnovid,25,06-01-2025
Inbrija,6,06-01-2025
Votrient,33,06-01-2025
Otulfi,1,06-01-2025
Pomalidomide-viatris,1,06-01-2025
Oxlumo,5,06-01-2025
Duavive,16,06-01-2025
Imuldosa,0,06-01-2025
Beovu,15,06-01-2025
Absimky,0,06-01-2025
Azarga,17,06-01-2025
Increlex,26,06-01-2025
Opdualag,3,06-01-2025
Tecfidera,32,06-01-2025
Nevanac,19,06-01-2025
Azopt,29,06-01-2025
Deferasirox-accord,7,06-01-2025
Keppra,55,06-01-2025
Zirabev,14,06-01-2025
Zokinvy,3,06-01-2025
Stalevo,30,06-01-2025
Idelvion,13,19-12-2024
Axitinib-accord,1,19-12-2024
Carbaglu,20,19-12-2024
Veklury,27,18-12-2024
Vanflyta,3,18-12-2024
Simulect,29,18-12-2024
Travatan,31,18-12-2024
Zyprexa-velotab,34,18-12-2024
Sevelamer-carbonate-winthrop,23,18-12-2024
Voncento,16,18-12-2024
Afstyla,11,18-12-2024
Vokanamet,24,18-12-2024
Lynparza,27,18-12-2024
Invokana,25,18-12-2024
Nintedanib-accord,2,18-12-2024
Firdapse,22,18-12-2024
Signifor,16,18-12-2024
Wilzin,12,18-12-2024
Vizimpro,4,17-12-2024
Neuraceq,23,17-12-2024
Tyverb,37,17-12-2024
Fluad,0,16-12-2024
Naglazyme,20,16-12-2024
Exjade,53,16-12-2024
Vedrop,14,16-12-2024
Riltrava-aerosphere,4,13-12-2024
Trixeo-aerosphere,6,13-12-2024
Topotecan-hospira,20,13-12-2024
Latuda,27,13-12-2024
Rydapt,13,12-12-2024
Relistor,20,12-12-2024
Ledaga,10,12-12-2024
Cystadrops,9,12-12-2024
Cystadane,15,12-12-2024
Isturisa,7,12-12-2024
Lytgobi,1,11-12-2024
Glivec,49,11-12-2024
Cystagon,20,11-12-2024
Tezspire,10,11-12-2024
Qdenga,3,11-12-2024
Altuvoct,1,11-12-2024
Elahere,0,11-12-2024
Teysuno,22,11-12-2024
Corlentor,28,11-12-2024
Dectova,6,11-12-2024
Juluca,15,10-12-2024
Aubagio,29,10-12-2024
Braftovi,15,10-12-2024
Mektovi,11,10-12-2024
Tivicay,35,10-12-2024
Triumeq,35,10-12-2024
Dovato,17,10-12-2024
Aquipta,3,10-12-2024
Praluent,24,10-12-2024
Lixiana,20,06-12-2024
Votubia,32,06-12-2024
Tafinlar,35,05-12-2024
Alli,21,05-12-2024
Vantavo,21,05-12-2024
Adrovance,28,05-12-2024
Esperoct,8,05-12-2024
Baqsimi,5,05-12-2024
Arsenic-trioxide-accord,7,05-12-2024
Ovaleap,12,05-12-2024
Fosavance,30,05-12-2024
Theralugand,0,05-12-2024
Advate,33,04-12-2024
Kovaltry,13,04-12-2024
Menveo,36,04-12-2024
Bevespi-aerosphere,8,03-12-2024
Tauvid,1,03-12-2024
Celsentri,30,03-12-2024
Xolair,51,03-12-2024
Casgevy,3,03-12-2024
Tasigna,47,03-12-2024
Briviact,24,03-12-2024
Lumykras,6,03-12-2024
Eribulin-baxter,1,02-12-2024
Tavlesse,6,02-12-2024
Nustendi,7,02-12-2024
Nilemdo,8,02-12-2024
Cablivi,9,02-12-2024
Sancuso,15,02-12-2024
Cerezyme,33,02-12-2024
Lutetium-177lu-chloride-billev,3,29-11-2024
Onivyde-pegylated-liposomal,14,29-11-2024
Akantior,0,29-11-2024
Duloxetine-zentiva,13,29-11-2024
Pomalidomide-teva,0,28-11-2024
Xultophy,19,28-11-2024
Puregon,35,28-11-2024
Revolade,35,28-11-2024
Leqvio,8,28-11-2024
Ebymect,22,28-11-2024
Lumeblue,4,27-11-2024
Fruzaqla,2,27-11-2024
Abecma,11,27-11-2024
Rixubis,12,27-11-2024
Oslif-breezhaler,18,27-11-2024
Onbrez-breezhaler,18,27-11-2024
Hirobriz-breezhaler,19,27-11-2024
Lupkynis,4,27-11-2024
Vaniqa,24,27-11-2024
Cervarix,42,26-11-2024
Xigduo,24,25-11-2024
Ozawade,5,25-11-2024
Senshio,14,25-11-2024
Eurartesim,14,25-11-2024
Kauliv,3,25-11-2024
Kengrexal,16,25-11-2024
Steglujan,12,22-11-2024
Pombiliti,1,22-11-2024
Doptelet,9,22-11-2024
Tecovirimat-siga,4,22-11-2024
Loargys,2,22-11-2024
Fingolimod-mylan,6,22-11-2024
Afinitor,31,22-11-2024
Dapagliflozin-viatris,4,21-11-2024
Bydureon,27,21-11-2024
Praxbind,13,21-11-2024
Orgovyx,11,21-11-2024
Tenkasi,16,20-11-2024
Mycamine,20,20-11-2024
Kalydeco,44,20-11-2024
Elfabrio,2,20-11-2024
Ordspono,0,19-11-2024
Pylclari,4,18-11-2024
Ganfort,24,18-11-2024
Lumigan,38,18-11-2024
Celsunax,1,15-11-2024
Luxturna,10,15-11-2024
Veyvondi,11,14-11-2024
Ogivri,12,14-11-2024
Buccolam,21,13-11-2024
Alecensa,16,12-11-2024
Ultomiris,16,11-11-2024
Tasmar,25,08-11-2024
Omidria,10,08-11-2024
Nucala,22,07-11-2024
Byetta,30,06-11-2024
Xerava,9,06-11-2024
Tofidence,2,06-11-2024
Vidaza,28,05-11-2024
Aflunov,16,04-11-2024
Pradaxa,43,04-11-2024
Libtayo,20,04-11-2024
Tibsovo,3,31-10-2024
Ibuprofen-genorph,1,31-10-2024
Forxiga,32,31-10-2024
Edistride,25,31-10-2024
Tepkinly,3,30-10-2024
Pifeltro,10,30-10-2024
Delstrigo,12,30-10-2024
Gliolan,10,30-10-2024
Zometa,39,29-10-2024
Zavesca,34,29-10-2024
Rayvow,4,28-10-2024
Efavirenz-emtricitabine-tenofovir-disoproxil-mylan,17,28-10-2024
Tenofovir-disoproxil-viatris,21,28-10-2024
Nubeqa,7,28-10-2024
Oncaspar,19,25-10-2024
Jyseleca,13,25-10-2024
Oxervate,3,25-10-2024
Suliqua,14,25-10-2024
Zypadhera,23,25-10-2024
Tracleer,45,25-10-2024
Idacio,12,24-10-2024
Jylamvo,15,24-10-2024
Stayveer,18,24-10-2024
Inhixa,28,24-10-2024
Beqvez,1,23-10-2024
Gazyvaro,17,23-10-2024
Otezla,23,22-10-2024
Crysvita,13,22-10-2024
Tepadina,22,21-10-2024
Tecvayli,5,21-10-2024
Zydelig,21,21-10-2024
Leflunomide-medac,23,21-10-2024
Amyvid,15,21-10-2024
Xelevia,40,18-10-2024
Velmetia,38,18-10-2024
Zytiga,28,18-10-2024
Velcade,46,18-10-2024
Pregabalin-zentiva,18,17-10-2024
Aldurazyme,27,17-10-2024
Zoledronic-acid-teva,14,17-10-2024
Vyepti,7,16-10-2024
Rivaroxaban-viatris,7,16-10-2024
Reyataz,57,16-10-2024
Mevlyq,1,16-10-2024
Libmyris,5,16-10-2024
Zyprexa,45,15-10-2024
Clopidogrel-zentiva,33,15-10-2024
Aspaveli,9,15-10-2024
Lacosamide-adroiq,5,15-10-2024
Siklos,26,14-10-2024
Kapruvia,3,14-10-2024
Halaven,31,11-10-2024
Qinlock,6,11-10-2024
Erelzi,17,11-10-2024
Abevmy,9,11-10-2024
Xadago,15,11-10-2024
Pergoveris,16,11-10-2024
Spevigo,1,10-10-2024
Tresiba,18,10-10-2024
Arexvy,4,09-10-2024
Enzalutamide-viatris,1,09-10-2024
Symkevi,16,09-10-2024
Axumin,18,08-10-2024
Ogluo,6,07-10-2024
Neofordex,12,07-10-2024
Yuvanci,0,07-10-2024
Zoledronic-acid-mylan,16,03-10-2024
Striascan,4,03-10-2024
Evrysdi,9,02-10-2024
Ilumetri,13,02-10-2024
Dacogen,18,02-10-2024
Simponi,51,02-10-2024
Zynlonta,3,01-10-2024
Imatinib-teva,20,01-10-2024
Trulicity,19,30-09-2024
Dificlir,18,30-09-2024
Zercepac,12,30-09-2024
Colobreathe,18,30-09-2024
Hycamtin,41,27-09-2024
Epidyolex,17,27-09-2024
Optruma,27,26-09-2024
Cinryze,24,26-09-2024
Giapreza,6,25-09-2024
Zoonotic-influenza-vaccine-seqirus,2,25-09-2024
Ucedane,13,25-09-2024
Orkambi,36,25-09-2024
Celdoxome-pegylated-liposomal,3,24-09-2024
Entacapone-orion,11,24-09-2024
Cegfila,8,24-09-2024
Anzupgo,0,24-09-2024
Aripiprazole-sandoz,11,23-09-2024
Orladeyo,8,23-09-2024
Repaglinide-accord,8,23-09-2024
Insulin-aspart-sanofi,6,23-09-2024
Caprelsa,27,23-09-2024
Ninlaro,19,20-09-2024
Imbruvica,34,20-09-2024
Rhokiinsa,4,19-09-2024
Klisyri,3,19-09-2024
Comtess,29,18-09-2024
Comtan,27,18-09-2024
Peyona,14,18-09-2024
Pomalidomide-accord,0,17-09-2024
Kerendia,2,17-09-2024
Inflectra,31,17-09-2024
Vemlidy,17,17-09-2024
Minjuvi,6,17-09-2024
Bonviva,31,16-09-2024
Bondronat,34,16-09-2024
Teriparatide-sun,3,13-09-2024
Adenuric,23,13-09-2024
Byooviz,9,13-09-2024
Dzuveo,8,12-09-2024
Resolor,30,12-09-2024
Xarelto,42,12-09-2024
Ritonavir-viatris,17,11-09-2024
Tadalafil-lilly,7,11-09-2024
Cialis,33,11-09-2024
Talzenna,9,11-09-2024
Instanyl,38,10-09-2024
Repatha,26,06-09-2024
Savene,15,06-09-2024
Ivabradine-accord,7,06-09-2024
Cholestagel,25,06-09-2024
Multaq,20,05-09-2024
Lyxumia,21,05-09-2024
Nordimet,24,05-09-2024
Apexelsin,1,05-09-2024
Arava,42,05-09-2024
Betmiga,17,05-09-2024
Infanrix-hexa,48,04-09-2024
Dovprela,11,04-09-2024
Fabrazyme,37,04-09-2024
Pegasys,47,04-09-2024
Hizentra,25,03-09-2024
Carmustine-medac,11,03-09-2024
Phesgo,5,03-09-2024
Jevtana,24,03-09-2024
Pramipexole-teva,24,02-09-2024
Toujeo,36,02-09-2024
Saphnelo,7,30-08-2024
Azacitidine-kabi,1,30-08-2024
Tevagrastim,19,30-08-2024
Ratiograstim,17,30-08-2024
Revatio,53,30-08-2024
Iasibon,13,30-08-2024
Pazenir,9,30-08-2024
Accofil,17,30-08-2024
Zaltrap,15,29-08-2024
Ibandronic-acid-teva,13,28-08-2024
Pioglitazone-accord,9,27-08-2024
Vitrakvi,12,27-08-2024
Bexsero,35,26-08-2024
Vargatef,20,22-08-2024
Galliapharm,0,22-08-2024
Raxone,10,21-08-2024
Rilutek,34,21-08-2024
Januvia,33,20-08-2024
Oprymea,25,20-08-2024
Helicobacter-test-infai,21,20-08-2024
Imlygic,14,20-08-2024
Akeega,1,19-08-2024
Temozolomide-accord,24,16-08-2024
Myozyme,31,16-08-2024
Insuman,34,16-08-2024
Insulin-lispro-sanofi,10,16-08-2024
Granupas,13,16-08-2024
Yescarta,17,16-08-2024
Okedi,3,16-08-2024
Baraclude,29,16-08-2024
Intelence,31,13-08-2024
Dabigatran-etexilate-accord,2,12-08-2024
Fasturtec,31,12-08-2024
Aybintio,8,12-08-2024
Volibris,25,12-08-2024
Nexviadyme,5,08-08-2024
Avzivi,0,
Adzynma,0,
Aclasta,35,02-08-2024
Velsipity,1,01-08-2024
Jeraygo,1,01-08-2024
Vazkepa,7,01-08-2024
Adempas,14,01-08-2024
Xofigo,15,01-08-2024
Dasatinib-accord-healthcare,0,01-08-2024
Mozobil,26,31-07-2024
Taxotere,52,31-07-2024
Ventavis,31,31-07-2024
Fareston,26,30-07-2024
Suboxone,24,29-07-2024
Ztalmy,2,29-07-2024
Teriflunomide-accord,3,29-07-2024
Prezista,55,26-07-2024
Lenalidomide-krka,5,26-07-2024
Atriance,29,26-07-2024
Pelgraz,12,26-07-2024
Pedmarqsi,4,25-07-2024
Efficib,35,25-07-2024
Symtuza,18,25-07-2024
Janumet,32,25-07-2024
Ristaben,28,25-07-2024
Ristfor,29,25-07-2024
Vaborem,8,25-07-2024
Byfavo,8,25-07-2024
Nulibry,3,25-07-2024
Entecavir-accord,7,24-07-2024
Duoresp-spiromax,13,24-07-2024
Biresp-spiromax,13,24-07-2024
Epoetin-alfa-hexal,26,24-07-2024
Abseamed,25,24-07-2024
Binocrit,24,24-07-2024
Vaxelis,16,23-07-2024
Stribild,26,23-07-2024
Evoltra,34,22-07-2024
Byannli,4,22-07-2024
Trevicta,13,22-07-2024
Xeplion,17,22-07-2024
Luveris,22,22-07-2024
Duoplavin,31,19-07-2024
Palonosetron-accord,8,19-07-2024
Livmarli,7,18-07-2024
Roteas,12,18-07-2024
Agilus,0,18-07-2024
Diacomit,19,17-07-2024
Hbvaxpro,33,17-07-2024
Sirturo,22,12-07-2024
Cayston,21,12-07-2024
Palynziq,8,12-07-2024
Emtricitabine-tenofovir-disoproxil-mylan,16,12-07-2024
Datscan,25,12-07-2024
Invega,19,12-07-2024
Qalsody,1,09-07-2024
Duloxetine-lilly,10,09-07-2024
Cymbalta,33,09-07-2024
Yentreve,29,09-07-2024
Adcirca,18,09-07-2024
Xospata,7,09-07-2024
Sotyktu,4,04-07-2024
Grasustek,5,04-07-2024
Abilify-maintena,23,04-07-2024
Lenalidomide-accord,12,02-07-2024
Ozurdex,20,02-07-2024
Vizamyl,18,28-06-2024
Mepsevii,8,28-06-2024
Neulasta,40,28-06-2024
Aranesp,46,28-06-2024
Talvey,5,28-06-2024
Adcetris,35,27-06-2024
Cinacalcet-accordpharma,4,27-06-2024
Orencia,40,27-06-2024
Artesunate-amivas,5,26-06-2024
Invanz,27,26-06-2024
Prialt,31,21-06-2024
Atosiban-sun,10,20-06-2024
Eviplera,26,19-06-2024
Neoatricon,0,19-06-2024
Veltassa,9,11-06-2024
Intuniv,13,10-06-2024
Sylvant,13,07-06-2024
Lamivudine-teva,14,07-06-2024
Parsabiv,10,07-06-2024
Rizmoic,11,06-06-2024
Mimpara,26,06-06-2024
Trodelvy,4,06-06-2024
Myocet-liposomal,25,06-06-2024
Pecfent,25,05-06-2024
Xromi,8,04-06-2024
Cufence,7,03-06-2024
Orgalutran,25,30-05-2024
Zessly,14,29-05-2024
Hemlibra,18,29-05-2024
Truvada,48,28-05-2024
Filgrastim-hexal,25,28-05-2024
Zarzio,26,28-05-2024
Nuceiva,7,28-05-2024
Rotarix,42,27-05-2024
Vyxeos-liposomal,10,24-05-2024
Tachosil,26,24-05-2024
Aripiprazole-mylan-pharma,18,22-05-2024
Krazati,0,22-05-2024
Fulvestrant-mylan,6,22-05-2024
Tepmetko,3,21-05-2024
Apremilast-accord,0,21-05-2024
Temozolomide-sun,20,21-05-2024
Temozolomide-teva,22,16-05-2024
Ryzneuta,1,15-05-2024
Thalidomide-lipomed,1,14-05-2024
Poteligeo,7,14-05-2024
Ghryvelin,5,13-05-2024
Onglyza,23,13-05-2024
Plerixafor-accord,2,13-05-2024
Incellipan,0,02-05-2024
Zynyz,0,02-05-2024
Mirapexin,42,02-05-2024
Pirfenidone-axunio,4,25-04-2024
Sifrol,39,25-04-2024
Sitagliptin-metformin-hydrochloride-accord,2,23-04-2024
Oyavas,7,23-04-2024
Lemtrada,24,22-04-2024
Ayvakyt,9,18-04-2024
Alymsys,8,18-04-2024
Javlor,11,18-04-2024
Eladynos,4,12-04-2024
Myclausen,16,11-04-2024
Febuxostat-viatris,13,11-04-2024
Lacosamide-ucb,7,11-04-2024
Myfenax,28,10-04-2024
Mycophenolate-mofetil-teva,26,10-04-2024
Ranexa,23,10-04-2024
Kyprolis,21,10-04-2024
Aerinaze,23,10-04-2024
Komboglyze,22,09-04-2024
Lonsurf,10,05-04-2024
Niapelf,0,
Vfend,56,04-04-2024
Rubraca,17,03-04-2024
Sixmo,5,03-04-2024
Ertapenem-sun,2,03-04-2024
Sorafenib-accord,1,03-04-2024
Metalyse,23,02-04-2024
Cotellic,15,27-03-2024
Emgality,11,27-03-2024
Arixtra,36,27-03-2024
Zelboraf,25,27-03-2024
Ximluci,2,26-03-2024
Clopidogrel-ratiopharm,15,26-03-2024
Upstaza,7,26-03-2024
Livtencity,5,26-03-2024
Cuprior,8,26-03-2024
Exblifep,0,22-03-2024
Zeffix,29,20-03-2024
Phelinun,2,15-03-2024
Methylthioninium-chloride-proveblue,29,14-03-2024
Daxas,21,12-03-2024
Zalasta,21,08-03-2024
Cholib,17,06-03-2024
Ameluz,21,05-03-2024
Zyclara,16,04-03-2024
Aldara,32,01-03-2024
Viread,59,29-02-2024
Yargesa,5,29-02-2024
Clopidogrel-teva-hydrogen-sulphate,19,29-02-2024
Tyenne,2,28-02-2024
Novorapid,33,27-02-2024
Axura,28,26-02-2024
Memantine-merz,8,26-02-2024
Aripiprazole-zentiva,10,23-02-2024
Fuzeon,25,23-02-2024
Ryeqo,7,23-02-2024
Trecondi,5,21-02-2024
Calquence,8,19-02-2024
Lonquex,28,19-02-2024
Mulpleo,9,16-02-2024
Besponsa,10,15-02-2024
Zutectra,17,13-02-2024
Protopic,28,13-02-2024
Catiolanze,1,13-02-2024
Voraxaze,1,12-02-2024
Ambirix,18,08-02-2024
Twinrix-adult,24,07-02-2024
Twinrix-paediatric,24,07-02-2024
Strensiq,17,07-02-2024
Actraphane,20,02-02-2024
Capecitabine-teva,16,01-02-2024
Nexobrid,16,01-02-2024
Wakix,17,01-02-2024
Vipdomet,12,31-01-2024
Caelyx-pegylated-liposomal,37,30-01-2024
Icatibant-accord,1,25-01-2024
Mixtard,20,24-01-2024
Rezzayo,0,
Nemdatine,14,17-01-2024
Tegsedi,15,17-01-2024
Bemfola,11,17-01-2024
Terrosa,6,16-01-2024
Brintellix,24,16-01-2024
Grepid,28,15-01-2024
Intrarosa,7,15-01-2024
Flebogamma-dif,19,11-01-2024
Lokelma,10,11-01-2024
Azacitidine-betapharm,6,10-01-2024
Humalog,35,10-01-2024
Ziagen,49,09-01-2024
Revlimid,52,08-01-2024
Rixathon,13,04-01-2024
Natpar,17,22-12-2023
Riximyo,15,21-12-2023
Ivabradine-anpharm,10,21-12-2023
Procoralan,22,21-12-2023
Mepact,20,21-12-2023
Norvir,70,20-12-2023
Defitelio,16,20-12-2023
Clopidogrel-taw-pharma,21,19-12-2023
Feraccru,18,18-12-2023
Vantobra,6,13-12-2023
Ondexxya,17,13-12-2023
Nulojix,21,12-12-2023
Brineura,7,12-12-2023
Amglidia,8,06-12-2023
Qutenza,19,04-12-2023
Ziextenzo,9,04-12-2023
Pylobactell,12,04-12-2023
Fulphila,12,04-12-2023
Opzelura,2,04-12-2023
Trizivir,43,29-11-2023
Adtralza,4,29-11-2023
Kivexa,37,27-11-2023
Herwenda,0,23-11-2023
Betaferon,36,23-11-2023
Spectrila,6,20-11-2023
Mylotarg,12,20-11-2023
Vimizim,13,20-11-2023
Sildenafil-actavis,17,13-11-2023
Degarelix-accord,0,08-11-2023
Champix,38,31-10-2023
Fycompa,33,31-10-2023
Thiotepa-riemser,4,23-10-2023
Ranivisio,4,13-10-2023
Farydak,13,13-10-2023
Plenadren,14,13-10-2023
Rivaroxaban-accord,5,12-10-2023
Synagis,46,11-10-2023
Bortezomib-hospira,13,09-10-2023
Enrylaze,0,05-10-2023
Ovitrelle,22,04-10-2023
Rekovelle,6,04-10-2023
Foclivia,13,03-10-2023
Docetaxel-kabi,15,29-09-2023
Kirsty,4,27-09-2023
Eporatio,13,27-09-2023
Biopoin,15,27-09-2023
Sovaldi,28,27-09-2023
Vosevi,16,27-09-2023
Harvoni,28,27-09-2023
Epclusa,22,27-09-2023
Hyftor,2,25-09-2023
Procysbi,16,22-09-2023
Semglee,10,22-09-2023
Omnitrope,22,20-09-2023
Tesavel,28,19-09-2023
Chenodeoxycholic-acid-leadiant,6,18-09-2023
Melatonin-neurim,1,15-09-2023
Tandemact,22,13-09-2023
Pemazyre,6,12-09-2023
Novomix,29,29-08-2023
Actos,30,28-08-2023
Kanuma,10,25-08-2023
Tolucombi,11,24-08-2023
Nexpovio,8,17-08-2023
Lacosamide-accord,12,16-08-2023
Tolvaptan-accord,0,14-08-2023
Vpriv,20,08-08-2023
Fluenz-tetra,24,07-08-2023
Arikayce-liposomal,2,04-08-2023
Sogroya,2,31-07-2023
Xofluza,4,27-07-2023
Miglustat-dipharma,7,26-07-2023
Vipidia,10,21-07-2023
Nutropinaq,20,20-07-2023
Ceprotin,19,18-07-2023
Fotivda,9,17-07-2023
Iressa,16,17-07-2023
Jivi,5,13-07-2023
Ivabradine-zentiva,6,13-07-2023
Ifirmacombi,15,11-07-2023
Tigecycline-accord,5,07-07-2023
Truvelog-mix-30,2,06-07-2023
Sibnayal,2,30-06-2023
Matever,27,29-06-2023
Luminity,17,28-06-2023
Ecalta,26,27-06-2023
Levetiracetam-ratiopharm,15,26-06-2023
Levetiracetam-actavis,19,22-06-2023
Levetiracetam-actavis-group,18,22-06-2023
Levetiracetam-teva,20,21-06-2023
Dexdor,16,20-06-2023
Nerlynx,13,15-06-2023
Privigen,31,15-06-2023
Maviret,22,09-06-2023
Amversio,0,08-06-2023
Atazanavir-krka,2,07-06-2023
Sonovue,20,05-06-2023
Nityr,5,05-06-2023
Zoledronic-acid-actavis,15,01-06-2023
Desloratadine-actavis,16,01-06-2023
Empliciti,12,01-06-2023
Pioglitazone-actavis,9,01-06-2023
Ebilfumin,15,01-06-2023
Rebif,41,01-06-2023
Rapilysin,27,01-06-2023
Ixiaro,17,25-05-2023
Galafold,16,25-05-2023
Pantozol-control,17,25-05-2023
Trisenox,31,25-05-2023
Controloc-control,15,25-05-2023
Rapiscan,15,25-05-2023
Somac-control,16,24-05-2023
Synflorix,36,24-05-2023
Fendrix,12,24-05-2023
Xenical,25,10-05-2023
Verkazia,7,25-04-2023
Stocrin,49,25-04-2023
Evotaz,14,25-04-2023
Lamivudine-teva-pharma-bv,19,21-04-2023
Ceplene,12,19-04-2023
Emtriva,33,18-04-2023
Libmeldy,6,17-04-2023
Orfadin,21,14-04-2023
Granpidam,8,11-04-2023
Elonva,23,05-04-2023
Vihuma,8,21-03-2023
Nuwiq,13,21-03-2023
Erivedge,15,20-03-2023
Elzonris,7,15-03-2023
Olanzapine-apotex,13,09-03-2023
Efavirenz-teva,12,03-03-2023
Ferriprox,32,27-02-2023
Ikervis,10,27-02-2023
Novoseven,38,27-02-2023
Aloxi,22,24-02-2023
Vizarsin,19,24-02-2023
Rasilez,27,23-02-2023
Zonegran,36,23-02-2023
Lamzede,6,22-02-2023
Odefsey,20,20-02-2023
Xagrid,40,20-02-2023
Descovy,20,17-02-2023
Tybost,15,14-02-2023
Hemangiol,6,09-02-2023
Liprolog,30,30-01-2023
Pemetrexed-baxter,0,19-01-2023
Corbilta,10,16-01-2023
Kyntheum,6,10-01-2023
Mvasi,14,05-01-2023
Olanzapine-glenmark-europe,14,20-12-2022
Olanzapine-glenmark,15,20-12-2022
Ammonaps,21,16-12-2022
Velphoro,9,08-12-2022
Sycrest,21,07-12-2022
Tookad,6,07-12-2022
Jorveza,6,06-12-2022
Pyrukynd,0,05-12-2022
Cevenfacta,0,29-11-2022
Genvoya,27,28-11-2022
Adasuve,14,14-11-2022
Exparel-liposomal,1,14-11-2022
Waylivra,6,08-11-2022
Hetlioz,9,11-10-2022
Firmagon,19,04-10-2022
Replagal,28,20-09-2022
Incresync,13,09-09-2022
Epivir,50,29-08-2022
Combivir,37,29-08-2022
Telzir,48,23-08-2022
Aptivus,42,23-08-2022
Pemetrexed-medac,8,09-08-2022
Ganirelix-gedeon-richter,0,20-07-2022
Elmiron,14,15-07-2022
Deferiprone-lipomed,7,14-07-2022
Ibandronic-acid-sandoz,9,06-07-2022
Sildenafil-teva,17,04-07-2022
Cuprymina,8,01-07-2022
Zostavax,33,01-07-2022
Memantine-ratiopharm,8,30-06-2022
Bronchitol,19,27-06-2022
Optison,19,27-06-2022
Kiovig,26,27-06-2022
Desloratadine-ratiopharm,12,24-06-2022
Sildenafil-ratiopharm,19,24-06-2022
Desloratadine-teva,18,09-06-2022
Dasselta,13,09-06-2022
Adjupanrix,11,08-06-2022
Amifampridine-serb,0,24-05-2022
Arsenic-trioxide-medac,2,26-04-2022
Abilify,49,08-04-2022
Dukoral,14,06-04-2022
Stimufend,0,04-04-2022
Tractocile,24,30-03-2022
Temomedac,15,28-03-2022
Novothirteen,7,21-03-2022
Integrilin,26,17-03-2022
Forsteo,24,20-01-2022
Memantine-accord,7,13-01-2022
Beromun,15,11-01-2022
Grastofil,14,10-01-2022
Ebixa,26,05-01-2022
Lenalidomide-krka-dd-novo-mesto,3,17-12-2021
Seebri-breezhaler,12,15-12-2021
Marixino,8,08-12-2021
Enurev-breezhaler,10,10-11-2021
Zoledronic-acid-hospira,18,09-11-2021
Tovanor-breezhaler,15,09-11-2021
Telmisartan-teva-pharma,10,26-10-2021
Inductos,23,18-10-2021
Entacapone-teva,10,28-09-2021
Raloxifene-teva,10,27-09-2021
Abasaglar,12,24-09-2021
Fiasp,8,23-09-2021
Ifirmasta,14,03-08-2021
Verquvo,0,27-07-2021
Levemir,29,13-07-2021
Novoeight,13,19-05-2021
Busulfan-fresenius-kabi,9,18-05-2021
Odomzo,10,26-04-2021
Conbriza,15,23-03-2021
Yttriga,10,29-01-2021
Jetrea,15,16-01-2021
Livogiva,1,07-01-2021
Silapo,17,25-11-2020
Insulatard,20,23-11-2020
Zoledronic-acid-medac,13,20-11-2020
Protaphane,18,27-10-2020
Actrapid,17,21-10-2020
Lumark,9,29-09-2020
Visudyne,35,16-09-2020
Olazax,12,31-07-2020
Olazax-disperzi,12,16-06-2020
Clopidogrel-bgr,17,11-03-2020
Clopidogrel-acetylsalicylic-acid-zentiva,22,13-11-2019
Cyanokit,10,18-01-2019
Clopidogrel-hcs,8,01-08-2018
Prandin,16,14-05-2018
Novonorm,16,28-09-2017
Foscan,18,18-04-2016
Quadramet,15,03-06-2015
